Time (s) Background,Geiger Counts (counts/sample) Background,RootN (cts/5s) Background,Background Subtracted (cts/5s) Background,Time (s) Background2,Geiger Counts (counts/sample) Background2,RootN (cts/5s) Background2,Background Subtracted (cts/5s) Background2,Time (s) Barium,Geiger Counts (counts/sample) Barium,RootN (cts/5s) Barium,Background Subtracted (cts/5s) Barium,Time (s) Radium,Geiger Counts (counts/sample) Radium,RootN (cts/5s) Radium,Background Subtracted (cts/5s) Radium,Time (s) RadSamples,Geiger Counts (counts/sample) RadSamples,RootN (cts/5s) RadSamples,Background Subtracted (cts/5s) RadSamples
5.000,1,1.00,-0.52,5.000,1,1.00,-0.52,5.000,527,22.96,525.48,5.000,191,13.82,189.48,5.000,70,8.37,68.48
10.000,5,1.22,3.48,10.000,1,0.71,-0.52,10.000,526,16.22,524.48,10.000,214,10.06,212.48,10.000,73,5.98,71.48
15.000,0,0.82,-1.52,15.000,5,0.88,3.48,15.000,503,13.15,501.48,15.000,204,8.23,202.48,15.000,89,5.08,87.48
20.000,0,0.61,-1.52,20.000,1,0.71,-0.52,20.000,505,11.35,503.48,20.000,226,7.22,224.48,20.000,82,4.43,80.48
25.000,1,0.53,-0.52,25.000,0,0.57,-1.52,25.000,497,10.12,495.48,25.000,199,6.43,197.48,25.000,82,3.98,80.48
30.000,0,0.44,-1.52,30.000,2,0.53,0.48,30.000,456,9.15,454.48,30.000,206,5.87,204.48,30.000,82,3.64,80.48
35.000,1,0.40,-0.52,35.000,1,0.47,-0.52,35.000,445,8.40,443.48,35.000,188,5.40,186.48,35.000,80,3.37,78.48
40.000,0,0.35,-1.52,40.000,1,0.43,-0.52,40.000,456,7.82,454.48,40.000,209,5.06,207.48,40.000,69,3.13,67.48
45.000,1,0.33,-0.52,45.000,1,0.40,-0.52,45.000,457,7.35,455.48,45.000,206,4.77,204.48,45.000,84,2.96,82.48
50.000,3,0.35,1.48,50.000,2,0.39,0.48,50.000,444,6.94,442.48,50.000,217,4.54,215.48,50.000,73,2.80,71.48
55.000,1,0.33,-0.52,55.000,0,0.35,-1.52,55.000,413,6.57,411.48,55.000,213,4.33,211.48,55.000,77,2.67,75.48
60.000,4,0.34,2.48,60.000,1,0.33,-0.52,60.000,398,6.25,396.48,60.000,193,4.14,191.48,60.000,66,2.54,64.48
65.000,0,0.32,-1.52,65.000,2,0.33,0.48,65.000,412,5.98,410.48,65.000,197,3.97,195.48,65.000,82,2.44,80.48
70.000,1,0.30,-0.52,70.000,3,0.33,1.48,70.000,369,5.72,367.48,70.000,228,3.84,226.48,70.000,73,2.35,71.48
75.000,0,0.28,-1.52,75.000,3,0.33,1.48,75.000,401,5.50,399.48,75.000,197,3.70,195.48,75.000,75,2.27,73.48
80.000,2,0.28,0.48,80.000,5,0.34,3.48,80.000,378,5.30,376.48,80.000,205,3.59,203.48,80.000,70,2.19,68.48
85.000,2,0.28,0.48,85.000,3,0.33,1.48,85.000,356,5.11,354.48,85.000,190,3.47,188.48,85.000,79,2.13,77.48
90.000,1,0.27,-0.52,90.000,2,0.32,0.48,90.000,369,4.94,367.48,90.000,207,3.37,205.48,90.000,72,2.06,70.48
95.000,0,0.25,-1.52,95.000,3,0.32,1.48,95.000,366,4.79,364.48,95.000,174,3.27,172.48,95.000,58,1.99,56.48
100.000,0,0.24,-1.52,100.000,0,0.30,-1.52,100.000,353,4.65,351.48,100.000,145,3.17,143.48,100.000,67,1.94,65.48
105.000,0,0.23,-1.52,105.000,2,0.30,0.48,105.000,339,4.51,337.48,105.000,159,3.07,157.48,105.000,68,1.89,66.48
110.000,3,0.23,1.48,110.000,0,0.28,-1.52,110.000,297,4.38,295.48,110.000,166,2.99,164.48,110.000,66,1.84,64.48
115.000,1,0.23,-0.52,115.000,2,0.28,0.48,115.000,329,4.26,327.48,115.000,125,2.90,123.48,115.000,69,1.80,67.48
120.000,0,0.22,-1.52,120.000,1,0.27,-0.52,120.000,339,4.15,337.48,120.000,135,2.82,133.48,120.000,61,1.75,59.48
125.000,2,0.22,0.48,125.000,0,0.26,-1.52,125.000,336,4.05,334.48,125.000,166,2.76,164.48,125.000,5,1.68,3.48
130.000,3,0.22,1.48,130.000,1,0.25,-0.52,130.000,328,3.96,326.48,130.000,159,2.70,157.48,130.000,3,1.62,1.48
135.000,1,0.21,-0.52,135.000,1,0.25,-0.52,135.000,315,3.87,313.48,135.000,129,2.63,127.48,135.000,5,1.56,3.48
140.000,3,0.21,1.48,140.000,0,0.24,-1.52,140.000,294,3.78,292.48,140.000,135,2.57,133.48,140.000,5,1.51,3.48
145.000,0,0.21,-1.52,145.000,3,0.24,1.48,145.000,282,3.70,280.48,145.000,162,2.52,160.48,145.000,2,1.46,0.48
150.000,2,0.21,0.48,150.000,2,0.23,0.48,150.000,310,3.62,308.48,150.000,130,2.47,128.48,150.000,5,1.41,3.48
155.000,1,0.20,-0.52,155.000,2,0.23,0.48,155.000,285,3.55,283.48,155.000,165,2.42,163.48,155.000,10,1.37,8.48
160.000,1,0.20,-0.52,160.000,0,0.22,-1.52,160.000,256,3.47,254.48,160.000,157,2.38,155.48,160.000,6,1.33,4.48
165.000,0,0.19,-1.52,165.000,5,0.23,3.48,165.000,223,3.40,221.48,165.000,170,2.34,168.48,165.000,5,1.29,3.48
170.000,2,0.19,0.48,170.000,3,0.23,1.48,170.000,285,3.33,283.48,170.000,147,2.30,145.48,170.000,7,1.25,5.48
175.000,1,0.19,-0.52,175.000,2,0.22,0.48,175.000,231,3.27,229.48,175.000,79,2.25,77.48,175.000,6,1.22,4.48
180.000,3,0.19,1.48,180.000,4,0.22,2.48,180.000,271,3.21,269.48,180.000,75,2.20,73.48,180.000,2,1.19,0.48
185.000,3,0.19,1.48,185.000,1,0.22,-0.52,185.000,262,3.15,260.48,185.000,63,2.15,61.48,185.000,6,1.16,4.48
190.000,3,0.19,1.48,190.000,1,0.22,-0.52,190.000,228,3.10,226.48,190.000,74,2.11,72.48,190.000,7,1.13,5.48
195.000,0,0.18,-1.52,195.000,4,0.22,2.48,195.000,240,3.04,238.48,195.000,60,2.06,58.48,195.000,3,1.10,1.48
200.000,2,0.18,0.48,200.000,3,0.22,1.48,200.000,216,2.99,214.48,200.000,73,2.02,71.48,200.000,3,1.07,1.48
205.000,0,0.18,-1.52,205.000,2,0.21,0.48,205.000,229,2.94,227.48,205.000,76,1.98,74.48,205.000,3,1.05,1.48
210.000,2,0.18,0.48,210.000,1,0.21,-0.52,210.000,213,2.89,211.48,210.000,81,1.95,79.48,210.000,5,1.03,3.48
215.000,1,0.18,-0.52,215.000,1,0.21,-0.52,215.000,207,2.84,205.48,215.000,70,1.91,68.48,215.000,1,1.00,-0.52
220.000,3,0.18,1.48,220.000,2,0.20,0.48,220.000,241,2.80,239.48,220.000,67,1.88,65.48,220.000,2,0.98,0.48
225.000,6,0.18,4.48,225.000,0,0.20,-1.52,225.000,210,2.76,208.48,225.000,75,1.85,73.48,225.000,4,0.96,2.48
230.000,4,0.18,2.48,230.000,2,0.20,0.48,230.000,205,2.72,203.48,230.000,65,1.82,63.48,230.000,7,0.94,5.48
235.000,0,0.18,-1.52,235.000,1,0.19,-0.52,235.000,189,2.67,187.48,235.000,59,1.78,57.48,235.000,6,0.92,4.48
240.000,1,0.18,-0.52,240.000,3,0.19,1.48,240.000,184,2.63,182.48,240.000,76,1.76,74.48,240.000,7,0.90,5.48
245.000,0,0.17,-1.52,245.000,2,0.19,0.48,245.000,188,2.59,186.48,245.000,64,1.73,62.48,245.000,18,0.89,16.48
250.000,1,0.17,-0.52,250.000,1,0.19,-0.52,250.000,196,2.56,194.48,250.000,58,1.70,56.48,250.000,33,0.88,31.48
255.000,2,0.17,0.48,255.000,0,0.18,-1.52,255.000,206,2.52,204.48,255.000,19,1.67,17.48,255.000,35,0.87,33.48
260.000,1,0.17,-0.52,260.000,0,0.18,-1.52,260.000,183,2.49,181.48,260.000,6,1.64,4.48,260.000,27,0.86,25.48
265.000,2,0.17,0.48,265.000,3,0.18,1.48,265.000,191,2.46,189.48,265.000,15,1.61,13.48,265.000,31,0.85,29.48
270.000,1,0.16,-0.52,270.000,2,0.18,0.48,270.000,190,2.42,188.48,270.000,10,1.58,8.48,270.000,38,0.84,36.48
275.000,2,0.16,0.48,275.000,2,0.18,0.48,275.000,179,2.39,177.48,275.000,16,1.55,14.48,275.000,41,0.83,39.48
280.000,3,0.16,1.48,280.000,3,0.18,1.48,280.000,189,2.36,187.48,280.000,14,1.53,12.48,280.000,30,0.83,28.48
285.000,1,0.16,-0.52,285.000,1,0.18,-0.52,285.000,169,2.33,167.48,285.000,16,1.50,14.48,285.000,33,0.82,31.48
290.000,1,0.16,-0.52,290.000,5,0.18,3.48,290.000,149,2.30,147.48,290.000,12,1.48,10.48,290.000,45,0.81,43.48
295.000,1,0.16,-0.52,295.000,4,0.18,2.48,295.000,182,2.27,180.48,295.000,10,1.45,8.48,295.000,44,0.81,42.48
300.000,1,0.16,-0.52,300.000,2,0.18,0.48,300.000,169,2.25,167.48,300.000,20,1.43,18.48,300.000,30,0.80,28.48
305.000,3,0.16,1.48,305.000,0,0.17,-1.52,305.000,190,2.22,188.48,305.000,16,1.41,14.48,305.000,30,0.79,28.48
310.000,1,0.15,-0.52,310.000,2,0.17,0.48,310.000,146,2.19,144.48,310.000,13,1.39,11.48,310.000,32,0.78,30.48
315.000,2,0.15,0.48,315.000,0,0.17,-1.52,315.000,166,2.17,164.48,315.000,67,1.37,65.48,315.000,28,0.77,26.48
320.000,3,0.15,1.48,320.000,0,0.17,-1.52,320.000,147,2.14,145.48,320.000,7,1.35,5.48,320.000,25,0.77,23.48
325.000,0,0.15,-1.52,325.000,3,0.17,1.48,325.000,126,2.12,124.48,325.000,2,1.33,0.48,325.000,43,0.76,41.48
330.000,4,0.15,2.48,330.000,1,0.16,-0.52,330.000,140,2.09,138.48,330.000,7,1.31,5.48,330.000,38,0.75,36.48
335.000,3,0.15,1.48,335.000,1,0.16,-0.52,335.000,139,2.07,137.48,335.000,11,1.29,9.48,335.000,38,0.75,36.48
340.000,2,0.15,0.48,340.000,2,0.16,0.48,340.000,128,2.05,126.48,340.000,5,1.27,3.48,340.000,45,0.74,43.48
345.000,1,0.15,-0.52,345.000,3,0.16,1.48,345.000,110,2.02,108.48,345.000,6,1.26,4.48,345.000,31,0.74,29.48
350.000,0,0.15,-1.52,350.000,3,0.16,1.48,350.000,142,2.00,140.48,350.000,10,1.24,8.48,350.000,38,0.73,36.48
355.000,2,0.15,0.48,355.000,1,0.16,-0.52,355.000,129,1.98,127.48,355.000,7,1.22,5.48,355.000,33,0.73,31.48
360.000,2,0.15,0.48,360.000,0,0.16,-1.52,360.000,139,1.96,137.48,360.000,5,1.20,3.48,360.000,30,0.72,28.48
365.000,0,0.14,-1.52,365.000,1,0.15,-0.52,365.000,135,1.94,133.48,365.000,6,1.19,4.48,365.000,10,0.71,8.48
370.000,1,0.14,-0.52,370.000,1,0.15,-0.52,370.000,117,1.92,115.48,370.000,3,1.17,1.48,370.000,6,0.70,4.48
375.000,3,0.14,1.48,375.000,1,0.15,-0.52,375.000,118,1.90,116.48,375.000,7,1.16,5.48,375.000,3,0.69,1.48
,,,,380.000,1,0.15,-0.52,380.000,108,1.88,106.48,380.000,7,1.14,5.48,380.000,7,0.69,5.48
,,,,385.000,1,0.15,-0.52,385.000,127,1.86,125.48,385.000,10,1.13,8.48,385.000,6,0.68,4.48
,,,,390.000,3,0.15,1.48,390.000,127,1.84,125.48,390.000,4,1.11,2.48,390.000,8,0.67,6.48
,,,,395.000,2,0.15,0.48,395.000,77,1.82,75.48,395.000,4,1.10,2.48,395.000,8,0.66,6.48
,,,,400.000,1,0.15,-0.52,400.000,104,1.80,102.48,400.000,5,1.09,3.48,400.000,8,0.66,6.48
,,,,405.000,1,0.15,-0.52,405.000,109,1.78,107.48,405.000,7,1.07,5.48,405.000,7,0.65,5.48
,,,,410.000,1,0.14,-0.52,410.000,121,1.77,119.48,410.000,8,1.06,6.48,410.000,2,0.64,0.48
,,,,415.000,2,0.14,0.48,415.000,112,1.75,110.48,415.000,12,1.05,10.48,415.000,2,0.63,0.48
,,,,420.000,4,0.14,2.48,420.000,91,1.73,89.48,420.000,5,1.04,3.48,420.000,2,0.63,0.48
,,,,425.000,2,0.14,0.48,425.000,100,1.72,98.48,,,,,425.000,8,0.62,6.48
,,,,430.000,1,0.14,-0.52,430.000,98,1.70,96.48,,,,,430.000,4,0.61,2.48
,,,,435.000,3,0.14,1.48,435.000,90,1.69,88.48,,,,,435.000,3,0.61,1.48
,,,,440.000,2,0.14,0.48,440.000,90,1.67,88.48,,,,,440.000,4,0.60,2.48
,,,,445.000,2,0.14,0.48,445.000,98,1.65,96.48,,,,,445.000,5,0.59,3.48
,,,,450.000,2,0.14,0.48,450.000,97,1.64,95.48,,,,,450.000,8,0.59,6.48
,,,,455.000,1,0.14,-0.52,455.000,94,1.63,92.48,,,,,455.000,4,0.58,2.48
,,,,460.000,1,0.14,-0.52,460.000,89,1.61,87.48,,,,,460.000,3,0.58,1.48
,,,,465.000,2,0.14,0.48,465.000,100,1.60,98.48,,,,,465.000,6,0.57,4.48
,,,,470.000,2,0.14,0.48,470.000,83,1.58,81.48,,,,,470.000,4,0.56,2.48
,,,,475.000,1,0.14,-0.52,475.000,90,1.57,88.48,,,,,475.000,5,0.56,3.48
,,,,480.000,2,0.13,0.48,480.000,87,1.56,85.48,,,,,480.000,4,0.55,2.48
,,,,485.000,1,0.13,-0.52,485.000,74,1.54,72.48,,,,,485.000,127,0.56,125.48
,,,,490.000,3,0.13,1.48,490.000,87,1.53,85.48,,,,,490.000,266,0.58,264.48
,,,,495.000,1,0.13,-0.52,495.000,89,1.52,87.48,,,,,495.000,221,0.59,219.48
,,,,500.000,1,0.13,-0.52,500.000,72,1.51,70.48,,,,,500.000,276,0.61,274.48
,,,,505.000,1,0.13,-0.52,505.000,80,1.49,78.48,,,,,505.000,226,0.62,224.48
,,,,510.000,2,0.13,0.48,510.000,85,1.48,83.48,,,,,510.000,252,0.63,250.48
,,,,515.000,2,0.13,0.48,515.000,70,1.47,68.48,,,,,515.000,227,0.65,225.48
,,,,520.000,0,0.13,-1.52,520.000,69,1.46,67.48,,,,,520.000,238,0.66,236.48
,,,,525.000,1,0.13,-0.52,525.000,67,1.45,65.48,,,,,525.000,255,0.67,253.48
,,,,530.000,2,0.13,0.48,530.000,64,1.43,62.48,,,,,530.000,271,0.68,269.48
,,,,535.000,1,0.13,-0.52,535.000,80,1.42,78.48,,,,,535.000,208,0.69,206.48
,,,,540.000,2,0.13,0.48,540.000,78,1.41,76.48,,,,,540.000,258,0.70,256.48
,,,,545.000,3,0.13,1.48,545.000,71,1.40,69.48,,,,,545.000,261,0.71,259.48
,,,,550.000,1,0.12,-0.52,550.000,79,1.39,77.48,,,,,550.000,240,0.71,238.48
,,,,555.000,1,0.12,-0.52,555.000,68,1.38,66.48,,,,,555.000,306,0.72,304.48
,,,,560.000,3,0.12,1.48,560.000,58,1.37,56.48,,,,,560.000,221,0.73,219.48
,,,,565.000,2,0.12,0.48,565.000,72,1.36,70.48,,,,,565.000,247,0.74,245.48
,,,,570.000,3,0.12,1.48,570.000,65,1.35,63.48,,,,,570.000,239,0.74,237.48
,,,,575.000,1,0.12,-0.52,575.000,65,1.34,63.48,,,,,575.000,264,0.75,262.48
,,,,580.000,0,0.12,-1.52,580.000,67,1.33,65.48,,,,,580.000,277,0.76,275.48
,,,,585.000,3,0.12,1.48,585.000,74,1.32,72.48,,,,,585.000,242,0.76,240.48
,,,,590.000,1,0.12,-0.52,590.000,56,1.31,54.48,,,,,590.000,251,0.77,249.48
,,,,595.000,2,0.12,0.48,595.000,52,1.30,50.48,,,,,595.000,259,0.77,257.48
,,,,600.000,2,0.12,0.48,600.000,45,1.29,43.48,,,,,600.000,169,0.77,167.48
,,,,605.000,1,0.12,-0.52,605.000,64,1.28,62.48,,,,,605.000,53,0.77,51.48
,,,,610.000,3,0.12,1.48,610.000,58,1.27,56.48,,,,,610.000,51,0.77,49.48
,,,,615.000,1,0.12,-0.52,615.000,64,1.26,62.48,,,,,615.000,51,0.76,49.48
,,,,620.000,0,0.12,-1.52,620.000,60,1.26,58.48,,,,,620.000,52,0.76,50.48
,,,,625.000,2,0.12,0.48,625.000,64,1.25,62.48,,,,,625.000,44,0.75,42.48
,,,,630.000,3,0.12,1.48,630.000,46,1.24,44.48,,,,,630.000,44,0.75,42.48
,,,,635.000,1,0.12,-0.52,635.000,41,1.23,39.48,,,,,635.000,40,0.75,38.48
,,,,640.000,2,0.12,0.48,640.000,61,1.22,59.48,,,,,640.000,42,0.74,40.48
,,,,645.000,2,0.12,0.48,645.000,72,1.21,70.48,,,,,645.000,54,0.74,52.48
,,,,650.000,1,0.11,-0.52,650.000,61,1.21,59.48,,,,,650.000,63,0.73,61.48
,,,,655.000,3,0.11,1.48,655.000,53,1.20,51.48,,,,,655.000,65,0.73,63.48
,,,,660.000,4,0.11,2.48,660.000,64,1.19,62.48,,,,,660.000,60,0.73,58.48
,,,,665.000,1,0.11,-0.52,665.000,58,1.18,56.48,,,,,665.000,73,0.73,71.48
,,,,670.000,2,0.11,0.48,670.000,71,1.18,69.48,,,,,670.000,65,0.72,63.48
,,,,675.000,3,0.11,1.48,675.000,62,1.17,60.48,,,,,675.000,53,0.72,51.48
,,,,680.000,0,0.11,-1.52,680.000,59,1.16,57.48,,,,,680.000,72,0.72,70.48
,,,,685.000,1,0.11,-0.52,685.000,52,1.15,50.48,,,,,685.000,45,0.71,43.48
,,,,690.000,1,0.11,-0.52,690.000,55,1.15,53.48,,,,,690.000,54,0.71,52.48
,,,,695.000,0,0.11,-1.52,695.000,54,1.14,52.48,,,,,695.000,65,0.71,63.48
,,,,700.000,3,0.11,1.48,700.000,54,1.13,52.48,,,,,700.000,49,0.70,47.48
,,,,705.000,2,0.11,0.48,705.000,61,1.13,59.48,,,,,705.000,52,0.70,50.48
,,,,710.000,1,0.11,-0.52,710.000,55,1.12,53.48,,,,,710.000,36,0.70,34.48
,,,,715.000,2,0.11,0.48,715.000,55,1.11,53.48,,,,,715.000,47,0.69,45.48
,,,,720.000,3,0.11,1.48,720.000,44,1.11,42.48,,,,,720.000,27,0.69,25.48
,,,,725.000,0,0.11,-1.52,,,,,,,,,725.000,14,0.69,12.48
,,,,730.000,0,0.11,-1.52,,,,,,,,,730.000,39,0.68,37.48
,,,,735.000,2,0.11,0.48,,,,,,,,,735.000,26,0.68,24.48
,,,,740.000,0,0.11,-1.52,,,,,,,,,740.000,32,0.68,30.48
,,,,745.000,2,0.11,0.48,,,,,,,,,745.000,34,0.67,32.48
,,,,750.000,1,0.11,-0.52,,,,,,,,,750.000,42,0.67,40.48
,,,,755.000,0,0.11,-1.52,,,,,,,,,755.000,32,0.67,30.48
,,,,760.000,2,0.11,0.48,,,,,,,,,760.000,38,0.66,36.48
,,,,765.000,2,0.10,0.48,,,,,,,,,765.000,27,0.66,25.48
,,,,770.000,2,0.10,0.48,,,,,,,,,770.000,29,0.66,27.48
,,,,775.000,2,0.10,0.48,,,,,,,,,775.000,25,0.65,23.48
,,,,780.000,1,0.10,-0.52,,,,,,,,,780.000,31,0.65,29.48
,,,,785.000,2,0.10,0.48,,,,,,,,,785.000,38,0.65,36.48
,,,,790.000,2,0.10,0.48,,,,,,,,,790.000,40,0.64,38.48
,,,,795.000,3,0.10,1.48,,,,,,,,,795.000,49,0.64,47.48
,,,,800.000,2,0.10,0.48,,,,,,,,,800.000,26,0.64,24.48
,,,,805.000,1,0.10,-0.52,,,,,,,,,805.000,31,0.63,29.48
,,,,810.000,2,0.10,0.48,,,,,,,,,810.000,43,0.63,41.48
,,,,815.000,0,0.10,-1.52,,,,,,,,,815.000,29,0.63,27.48
,,,,820.000,4,0.10,2.48,,,,,,,,,820.000,27,0.63,25.48
,,,,825.000,2,0.10,0.48,,,,,,,,,825.000,40,0.62,38.48
,,,,830.000,1,0.10,-0.52,,,,,,,,,830.000,28,0.62,26.48
,,,,835.000,2,0.10,0.48,,,,,,,,,835.000,31,0.62,29.48
,,,,840.000,1,0.10,-0.52,,,,,,,,,840.000,14,0.61,12.48
,,,,845.000,0,0.10,-1.52,,,,,,,,,845.000,2,0.61,0.48
,,,,850.000,1,0.10,-0.52,,,,,,,,,850.000,5,0.61,3.48
,,,,855.000,1,0.10,-0.52,,,,,,,,,855.000,8,0.60,6.48
,,,,860.000,4,0.10,2.48,,,,,,,,,860.000,4,0.60,2.48
,,,,865.000,1,0.10,-0.52,,,,,,,,,865.000,5,0.60,3.48
,,,,870.000,4,0.10,2.48,,,,,,,,,870.000,3,0.59,1.48
,,,,875.000,4,0.10,2.48,,,,,,,,,875.000,4,0.59,2.48
,,,,880.000,0,0.10,-1.52,,,,,,,,,880.000,6,0.59,4.48
,,,,885.000,4,0.10,2.48,,,,,,,,,885.000,8,0.58,6.48
,,,,890.000,4,0.10,2.48,,,,,,,,,890.000,6,0.58,4.48
,,,,895.000,3,0.10,1.48,,,,,,,,,895.000,2,0.58,0.48
,,,,900.000,1,0.10,-0.52,,,,,,,,,900.000,5,0.57,3.48
,,,,905.000,1,0.10,-0.52,,,,,,,,,905.000,5,0.57,3.48
,,,,910.000,3,0.10,1.48,,,,,,,,,910.000,4,0.57,2.48
,,,,915.000,1,0.10,-0.52,,,,,,,,,915.000,2,0.57,0.48
,,,,920.000,0,0.10,-1.52,,,,,,,,,920.000,9,0.56,7.48
,,,,925.000,2,0.10,0.48,,,,,,,,,925.000,4,0.56,2.48
,,,,930.000,3,0.10,1.48,,,,,,,,,930.000,9,0.56,7.48
,,,,935.000,2,0.10,0.48,,,,,,,,,935.000,5,0.55,3.48
,,,,940.000,1,0.10,-0.52,,,,,,,,,940.000,6,0.55,4.48
,,,,945.000,1,0.10,-0.52,,,,,,,,,945.000,5,0.55,3.48
,,,,950.000,4,0.10,2.48,,,,,,,,,950.000,2,0.55,0.48
,,,,955.000,4,0.10,2.48,,,,,,,,,955.000,8,0.54,6.48
,,,,960.000,0,0.10,-1.52,,,,,,,,,960.000,5,0.54,3.48
,,,,965.000,1,0.09,-0.52,,,,,,,,,965.000,229,0.54,227.48
,,,,970.000,1,0.09,-0.52,,,,,,,,,970.000,319,0.55,317.48
,,,,975.000,3,0.09,1.48,,,,,,,,,975.000,315,0.55,313.48
,,,,980.000,2,0.09,0.48,,,,,,,,,980.000,341,0.56,339.48
,,,,985.000,2,0.09,0.48,,,,,,,,,985.000,322,0.56,320.48
,,,,990.000,1,0.09,-0.52,,,,,,,,,990.000,307,0.57,305.48
,,,,995.000,1,0.09,-0.52,,,,,,,,,995.000,316,0.57,314.48
,,,,1000.000,3,0.09,1.48,,,,,,,,,1000.000,299,0.57,297.48
,,,,1005.000,0,0.09,-1.52,,,,,,,,,1005.000,348,0.58,346.48
,,,,1010.000,3,0.09,1.48,,,,,,,,,1010.000,303,0.58,301.48
,,,,1015.000,2,0.09,0.48,,,,,,,,,1015.000,317,0.59,315.48
,,,,1020.000,0,0.09,-1.52,,,,,,,,,1020.000,294,0.59,292.48
,,,,1025.000,1,0.09,-0.52,,,,,,,,,1025.000,289,0.59,287.48
,,,,1030.000,4,0.09,2.48,,,,,,,,,1030.000,300,0.60,298.48
,,,,1035.000,4,0.09,2.48,,,,,,,,,1035.000,314,0.60,312.48
,,,,1040.000,3,0.09,1.48,,,,,,,,,1040.000,315,0.60,313.48
,,,,1045.000,1,0.09,-0.52,,,,,,,,,1045.000,324,0.61,322.48
,,,,1050.000,1,0.09,-0.52,,,,,,,,,1050.000,328,0.61,326.48
,,,,1055.000,2,0.09,0.48,,,,,,,,,1055.000,319,0.61,317.48
,,,,1060.000,1,0.09,-0.52,,,,,,,,,1060.000,301,0.61,299.48
,,,,1065.000,1,0.09,-0.52,,,,,,,,,1065.000,325,0.62,323.48
,,,,1070.000,4,0.09,2.48,,,,,,,,,1070.000,338,0.62,336.48
,,,,1075.000,3,0.09,1.48,,,,,,,,,1075.000,263,0.62,261.48
,,,,1080.000,2,0.09,0.48,,,,,,,,,1080.000,259,0.62,257.48
,,,,1085.000,1,0.09,-0.52,,,,,,,,,1085.000,63,0.62,61.48
,,,,1090.000,0,0.09,-1.52,,,,,,,,,1090.000,55,0.62,53.48
,,,,1095.000,3,0.09,1.48,,,,,,,,,1095.000,48,0.62,46.48
,,,,1100.000,3,0.09,1.48,,,,,,,,,1100.000,53,0.62,51.48
,,,,1105.000,0,0.09,-1.52,,,,,,,,,1105.000,50,0.61,48.48
,,,,1110.000,1,0.09,-0.52,,,,,,,,,1110.000,55,0.61,53.48
,,,,1115.000,2,0.09,0.48,,,,,,,,,1115.000,69,0.61,67.48
,,,,1120.000,5,0.09,3.48,,,,,,,,,1120.000,51,0.61,49.48
,,,,1125.000,1,0.09,-0.52,,,,,,,,,1125.000,71,0.61,69.48
,,,,1130.000,3,0.09,1.48,,,,,,,,,1130.000,61,0.61,59.48
,,,,1135.000,3,0.09,1.48,,,,,,,,,1135.000,61,0.60,59.48
,,,,1140.000,2,0.09,0.48,,,,,,,,,1140.000,53,0.60,51.48
,,,,1145.000,0,0.09,-1.52,,,,,,,,,1145.000,63,0.60,61.48
,,,,1150.000,2,0.09,0.48,,,,,,,,,1150.000,75,0.60,73.48
,,,,1155.000,3,0.09,1.48,,,,,,,,,1155.000,74,0.60,72.48
,,,,1160.000,1,0.09,-0.52,,,,,,,,,1160.000,55,0.60,53.48
,,,,1165.000,2,0.09,0.48,,,,,,,,,1165.000,49,0.59,47.48
,,,,1170.000,1,0.09,-0.52,,,,,,,,,1170.000,55,0.59,53.48
,,,,1175.000,0,0.09,-1.52,,,,,,,,,1175.000,58,0.59,56.48
,,,,1180.000,2,0.09,0.48,,,,,,,,,1180.000,59,0.59,57.48
,,,,1185.000,2,0.09,0.48,,,,,,,,,1185.000,71,0.59,69.48
,,,,1190.000,5,0.09,3.48,,,,,,,,,1190.000,63,0.59,61.48
,,,,1195.000,1,0.09,-0.52,,,,,,,,,1195.000,53,0.58,51.48
,,,,1200.000,3,0.09,1.48,,,,,,,,,1200.000,60,0.58,58.48
,,,,1205.000,1,0.09,-0.52,,,,,,,,,,,,
,,,,1210.000,1,0.09,-0.52,,,,,,,,,,,,
,,,,1215.000,0,0.09,-1.52,,,,,,,,,,,,
,,,,1220.000,3,0.08,1.48,,,,,,,,,,,,
,,,,1225.000,1,0.08,-0.52,,,,,,,,,,,,
,,,,1230.000,2,0.08,0.48,,,,,,,,,,,,
,,,,1235.000,2,0.08,0.48,,,,,,,,,,,,
,,,,1240.000,2,0.08,0.48,,,,,,,,,,,,
,,,,1245.000,1,0.08,-0.52,,,,,,,,,,,,
,,,,1250.000,0,0.08,-1.52,,,,,,,,,,,,
,,,,1255.000,2,0.08,0.48,,,,,,,,,,,,
,,,,1260.000,2,0.08,0.48,,,,,,,,,,,,
,,,,1265.000,0,0.08,-1.52,,,,,,,,,,,,
,,,,1270.000,2,0.08,0.48,,,,,,,,,,,,
,,,,1275.000,0,0.08,-1.52,,,,,,,,,,,,
,,,,1280.000,0,0.08,-1.52,,,,,,,,,,,,
,,,,1285.000,1,0.08,-0.52,,,,,,,,,,,,
,,,,1290.000,2,0.08,0.48,,,,,,,,,,,,
,,,,1295.000,0,0.08,-1.52,,,,,,,,,,,,
,,,,1300.000,2,0.08,0.48,,,,,,,,,,,,
,,,,1305.000,4,0.08,2.48,,,,,,,,,,,,
,,,,1310.000,1,0.08,-0.52,,,,,,,,,,,,
,,,,1315.000,0,0.08,-1.52,,,,,,,,,,,,
,,,,1320.000,0,0.08,-1.52,,,,,,,,,,,,
,,,,1325.000,5,0.08,3.48,,,,,,,,,,,,
,,,,1330.000,1,0.08,-0.52,,,,,,,,,,,,
,,,,1335.000,2,0.08,0.48,,,,,,,,,,,,
,,,,1340.000,2,0.08,0.48,,,,,,,,,,,,
,,,,1345.000,1,0.08,-0.52,,,,,,,,,,,,
,,,,1350.000,2,0.08,0.48,,,,,,,,,,,,
,,,,1355.000,2,0.08,0.48,,,,,,,,,,,,
,,,,1360.000,2,0.08,0.48,,,,,,,,,,,,
,,,,1365.000,0,0.08,-1.52,,,,,,,,,,,,
,,,,1370.000,3,0.08,1.48,,,,,,,,,,,,
,,,,1375.000,2,0.08,0.48,,,,,,,,,,,,
,,,,1380.000,3,0.08,1.48,,,,,,,,,,,,
,,,,1385.000,0,0.08,-1.52,,,,,,,,,,,,
,,,,1390.000,0,0.08,-1.52,,,,,,,,,,,,
,,,,1395.000,1,0.08,-0.52,,,,,,,,,,,,
,,,,1400.000,3,0.08,1.48,,,,,,,,,,,,
,,,,1405.000,1,0.08,-0.52,,,,,,,,,,,,
,,,,1410.000,1,0.08,-0.52,,,,,,,,,,,,
,,,,1415.000,2,0.08,0.48,,,,,,,,,,,,
,,,,1420.000,2,0.08,0.48,,,,,,,,,,,,
,,,,1425.000,3,0.08,1.48,,,,,,,,,,,,
,,,,1430.000,2,0.08,0.48,,,,,,,,,,,,
,,,,1435.000,3,0.08,1.48,,,,,,,,,,,,
,,,,1440.000,1,0.08,-0.52,,,,,,,,,,,,
,,,,1445.000,0,0.08,-1.52,,,,,,,,,,,,
,,,,1450.000,2,0.08,0.48,,,,,,,,,,,,
,,,,1455.000,1,0.08,-0.52,,,,,,,,,,,,
,,,,1460.000,2,0.08,0.48,,,,,,,,,,,,
,,,,1465.000,3,0.08,1.48,,,,,,,,,,,,
,,,,1470.000,0,0.08,-1.52,,,,,,,,,,,,
,,,,1475.000,4,0.08,2.48,,,,,,,,,,,,
,,,,1480.000,2,0.08,0.48,,,,,,,,,,,,
,,,,1485.000,2,0.08,0.48,,,,,,,,,,,,
,,,,1490.000,2,0.08,0.48,,,,,,,,,,,,
,,,,1495.000,1,0.08,-0.52,,,,,,,,,,,,
,,,,1500.000,4,0.08,2.48,,,,,,,,,,,,
,,,,1505.000,4,0.08,2.48,,,,,,,,,,,,
,,,,1510.000,2,0.08,0.48,,,,,,,,,,,,
,,,,1515.000,1,0.08,-0.52,,,,,,,,,,,,
,,,,1520.000,1,0.08,-0.52,,,,,,,,,,,,
,,,,1525.000,1,0.08,-0.52,,,,,,,,,,,,
,,,,1530.000,3,0.08,1.48,,,,,,,,,,,,
,,,,1535.000,2,0.08,0.48,,,,,,,,,,,,
,,,,1540.000,1,0.08,-0.52,,,,,,,,,,,,
,,,,1545.000,0,0.07,-1.52,,,,,,,,,,,,
,,,,1550.000,3,0.07,1.48,,,,,,,,,,,,
,,,,1555.000,1,0.07,-0.52,,,,,,,,,,,,
,,,,1560.000,4,0.07,2.48,,,,,,,,,,,,
,,,,1565.000,0,0.07,-1.52,,,,,,,,,,,,
,,,,1570.000,3,0.07,1.48,,,,,,,,,,,,
,,,,1575.000,1,0.07,-0.52,,,,,,,,,,,,
,,,,1580.000,1,0.07,-0.52,,,,,,,,,,,,
,,,,1585.000,1,0.07,-0.52,,,,,,,,,,,,
,,,,1590.000,1,0.07,-0.52,,,,,,,,,,,,
,,,,1595.000,1,0.07,-0.52,,,,,,,,,,,,
,,,,1600.000,1,0.07,-0.52,,,,,,,,,,,,
,,,,1605.000,0,0.07,-1.52,,,,,,,,,,,,
,,,,1610.000,7,0.07,5.48,,,,,,,,,,,,
,,,,1615.000,2,0.07,0.48,,,,,,,,,,,,
,,,,1620.000,2,0.07,0.48,,,,,,,,,,,,
,,,,1625.000,3,0.07,1.48,,,,,,,,,,,,
,,,,1630.000,5,0.07,3.48,,,,,,,,,,,,
,,,,1635.000,2,0.07,0.48,,,,,,,,,,,,
,,,,1640.000,0,0.07,-1.52,,,,,,,,,,,,
,,,,1645.000,2,0.07,0.48,,,,,,,,,,,,
,,,,1650.000,0,0.07,-1.52,,,,,,,,,,,,
,,,,1655.000,3,0.07,1.48,,,,,,,,,,,,
,,,,1660.000,3,0.07,1.48,,,,,,,,,,,,
,,,,1665.000,3,0.07,1.48,,,,,,,,,,,,
,,,,1670.000,2,0.07,0.48,,,,,,,,,,,,
,,,,1675.000,5,0.07,3.48,,,,,,,,,,,,
,,,,1680.000,0,0.07,-1.52,,,,,,,,,,,,
,,,,1685.000,1,0.07,-0.52,,,,,,,,,,,,
,,,,1690.000,0,0.07,-1.52,,,,,,,,,,,,
,,,,1695.000,5,0.07,3.48,,,,,,,,,,,,
,,,,1700.000,6,0.07,4.48,,,,,,,,,,,,
,,,,1705.000,2,0.07,0.48,,,,,,,,,,,,
,,,,1710.000,4,0.07,2.48,,,,,,,,,,,,
,,,,1715.000,0,0.07,-1.52,,,,,,,,,,,,
,,,,1720.000,4,0.07,2.48,,,,,,,,,,,,
,,,,1725.000,2,0.07,0.48,,,,,,,,,,,,
,,,,1730.000,3,0.07,1.48,,,,,,,,,,,,
,,,,1735.000,0,0.07,-1.52,,,,,,,,,,,,
,,,,1740.000,1,0.07,-0.52,,,,,,,,,,,,
,,,,1745.000,0,0.07,-1.52,,,,,,,,,,,,
,,,,1750.000,3,0.07,1.48,,,,,,,,,,,,
,,,,1755.000,1,0.07,-0.52,,,,,,,,,,,,
,,,,1760.000,0,0.07,-1.52,,,,,,,,,,,,
,,,,1765.000,1,0.07,-0.52,,,,,,,,,,,,
,,,,1770.000,1,0.07,-0.52,,,,,,,,,,,,
,,,,1775.000,2,0.07,0.48,,,,,,,,,,,,
,,,,1780.000,1,0.07,-0.52,,,,,,,,,,,,
,,,,1785.000,3,0.07,1.48,,,,,,,,,,,,
,,,,1790.000,3,0.07,1.48,,,,,,,,,,,,
,,,,1795.000,0,0.07,-1.52,,,,,,,,,,,,
,,,,1800.000,2,0.07,0.48,,,,,,,,,,,,
,,,,1805.000,1,0.07,-0.52,,,,,,,,,,,,
,,,,1810.000,1,0.07,-0.52,,,,,,,,,,,,
,,,,1815.000,2,0.07,0.48,,,,,,,,,,,,
,,,,1820.000,0,0.07,-1.52,,,,,,,,,,,,
,,,,1825.000,2,0.07,0.48,,,,,,,,,,,,
,,,,1830.000,1,0.07,-0.52,,,,,,,,,,,,
,,,,1835.000,5,0.07,3.48,,,,,,,,,,,,
,,,,1840.000,3,0.07,1.48,,,,,,,,,,,,
,,,,1845.000,0,0.07,-1.52,,,,,,,,,,,,
,,,,1850.000,0,0.07,-1.52,,,,,,,,,,,,
,,,,1855.000,3,0.07,1.48,,,,,,,,,,,,
,,,,1860.000,1,0.07,-0.52,,,,,,,,,,,,
,,,,1865.000,2,0.07,0.48,,,,,,,,,,,,
,,,,1870.000,2,0.07,0.48,,,,,,,,,,,,
,,,,1875.000,3,0.07,1.48,,,,,,,,,,,,
,,,,1880.000,0,0.07,-1.52,,,,,,,,,,,,
,,,,1885.000,2,0.07,0.48,,,,,,,,,,,,
,,,,1890.000,2,0.07,0.48,,,,,,,,,,,,
,,,,1895.000,3,0.07,1.48,,,,,,,,,,,,
,,,,1900.000,3,0.07,1.48,,,,,,,,,,,,
,,,,1905.000,4,0.07,2.48,,,,,,,,,,,,
,,,,1910.000,1,0.07,-0.52,,,,,,,,,,,,
,,,,1915.000,4,0.07,2.48,,,,,,,,,,,,
,,,,1920.000,0,0.07,-1.52,,,,,,,,,,,,
,,,,1925.000,0,0.07,-1.52,,,,,,,,,,,,
,,,,1930.000,0,0.07,-1.52,,,,,,,,,,,,
,,,,1935.000,0,0.07,-1.52,,,,,,,,,,,,
,,,,1940.000,2,0.07,0.48,,,,,,,,,,,,
,,,,1945.000,4,0.07,2.48,,,,,,,,,,,,
,,,,1950.000,1,0.07,-0.52,,,,,,,,,,,,
,,,,1955.000,3,0.07,1.48,,,,,,,,,,,,
,,,,1960.000,2,0.07,0.48,,,,,,,,,,,,
,,,,1965.000,2,0.07,0.48,,,,,,,,,,,,
,,,,1970.000,3,0.07,1.48,,,,,,,,,,,,
,,,,1975.000,0,0.07,-1.52,,,,,,,,,,,,
,,,,1980.000,1,0.07,-0.52,,,,,,,,,,,,
,,,,1985.000,4,0.07,2.48,,,,,,,,,,,,
,,,,1990.000,1,0.07,-0.52,,,,,,,,,,,,
,,,,1995.000,0,0.07,-1.52,,,,,,,,,,,,
,,,,2000.000,1,0.07,-0.52,,,,,,,,,,,,
,,,,2005.000,1,0.07,-0.52,,,,,,,,,,,,
,,,,2010.000,1,0.07,-0.52,,,,,,,,,,,,
,,,,2015.000,2,0.07,0.48,,,,,,,,,,,,
,,,,2020.000,1,0.07,-0.52,,,,,,,,,,,,
,,,,2025.000,2,0.07,0.48,,,,,,,,,,,,
,,,,2030.000,5,0.07,3.48,,,,,,,,,,,,
,,,,2035.000,1,0.07,-0.52,,,,,,,,,,,,
,,,,2040.000,3,0.07,1.48,,,,,,,,,,,,
,,,,2045.000,4,0.07,2.48,,,,,,,,,,,,
,,,,2050.000,2,0.07,0.48,,,,,,,,,,,,
,,,,2055.000,4,0.07,2.48,,,,,,,,,,,,
,,,,2060.000,2,0.07,0.48,,,,,,,,,,,,
,,,,2065.000,2,0.07,0.48,,,,,,,,,,,,
,,,,2070.000,2,0.07,0.48,,,,,,,,,,,,
,,,,2075.000,1,0.07,-0.52,,,,,,,,,,,,
,,,,2080.000,0,0.07,-1.52,,,,,,,,,,,,
,,,,2085.000,2,0.07,0.48,,,,,,,,,,,,
,,,,2090.000,2,0.07,0.48,,,,,,,,,,,,
,,,,2095.000,3,0.07,1.48,,,,,,,,,,,,
,,,,2100.000,1,0.07,-0.52,,,,,,,,,,,,
,,,,2105.000,3,0.07,1.48,,,,,,,,,,,,
,,,,2110.000,1,0.06,-0.52,,,,,,,,,,,,
,,,,2115.000,4,0.06,2.48,,,,,,,,,,,,
,,,,2120.000,1,0.06,-0.52,,,,,,,,,,,,
,,,,2125.000,1,0.06,-0.52,,,,,,,,,,,,
,,,,2130.000,2,0.06,0.48,,,,,,,,,,,,
,,,,2135.000,1,0.06,-0.52,,,,,,,,,,,,
,,,,2140.000,2,0.06,0.48,,,,,,,,,,,,
,,,,2145.000,0,0.06,-1.52,,,,,,,,,,,,
,,,,2150.000,3,0.06,1.48,,,,,,,,,,,,
,,,,2155.000,1,0.06,-0.52,,,,,,,,,,,,
,,,,2160.000,1,0.06,-0.52,,,,,,,,,,,,
,,,,2165.000,3,0.06,1.48,,,,,,,,,,,,
,,,,2170.000,1,0.06,-0.52,,,,,,,,,,,,
,,,,2175.000,1,0.06,-0.52,,,,,,,,,,,,
,,,,2180.000,1,0.06,-0.52,,,,,,,,,,,,
,,,,2185.000,1,0.06,-0.52,,,,,,,,,,,,
,,,,2190.000,2,0.06,0.48,,,,,,,,,,,,
,,,,2195.000,1,0.06,-0.52,,,,,,,,,,,,
,,,,2200.000,3,0.06,1.48,,,,,,,,,,,,
,,,,2205.000,1,0.06,-0.52,,,,,,,,,,,,
,,,,2210.000,3,0.06,1.48,,,,,,,,,,,,
,,,,2215.000,2,0.06,0.48,,,,,,,,,,,,
,,,,2220.000,3,0.06,1.48,,,,,,,,,,,,
,,,,2225.000,1,0.06,-0.52,,,,,,,,,,,,
,,,,2230.000,1,0.06,-0.52,,,,,,,,,,,,
,,,,2235.000,0,0.06,-1.52,,,,,,,,,,,,
,,,,2240.000,1,0.06,-0.52,,,,,,,,,,,,
,,,,2245.000,4,0.06,2.48,,,,,,,,,,,,
,,,,2250.000,2,0.06,0.48,,,,,,,,,,,,
,,,,2255.000,2,0.06,0.48,,,,,,,,,,,,
,,,,2260.000,2,0.06,0.48,,,,,,,,,,,,
,,,,2265.000,3,0.06,1.48,,,,,,,,,,,,
,,,,2270.000,4,0.06,2.48,,,,,,,,,,,,
,,,,2275.000,0,0.06,-1.52,,,,,,,,,,,,
,,,,2280.000,2,0.06,0.48,,,,,,,,,,,,
,,,,2285.000,2,0.06,0.48,,,,,,,,,,,,
,,,,2290.000,1,0.06,-0.52,,,,,,,,,,,,
,,,,2295.000,2,0.06,0.48,,,,,,,,,,,,
,,,,2300.000,3,0.06,1.48,,,,,,,,,,,,
,,,,2305.000,2,0.06,0.48,,,,,,,,,,,,
,,,,2310.000,0,0.06,-1.52,,,,,,,,,,,,
,,,,2315.000,4,0.06,2.48,,,,,,,,,,,,
,,,,2320.000,1,0.06,-0.52,,,,,,,,,,,,
,,,,2325.000,5,0.06,3.48,,,,,,,,,,,,
,,,,2330.000,2,0.06,0.48,,,,,,,,,,,,
,,,,2335.000,4,0.06,2.48,,,,,,,,,,,,
,,,,2340.000,3,0.06,1.48,,,,,,,,,,,,
,,,,2345.000,1,0.06,-0.52,,,,,,,,,,,,
,,,,2350.000,3,0.06,1.48,,,,,,,,,,,,
,,,,2355.000,2,0.06,0.48,,,,,,,,,,,,
,,,,2360.000,5,0.06,3.48,,,,,,,,,,,,
,,,,2365.000,3,0.06,1.48,,,,,,,,,,,,
,,,,2370.000,1,0.06,-0.52,,,,,,,,,,,,
,,,,2375.000,0,0.06,-1.52,,,,,,,,,,,,
,,,,2380.000,4,0.06,2.48,,,,,,,,,,,,
,,,,2385.000,1,0.06,-0.52,,,,,,,,,,,,
,,,,2390.000,0,0.06,-1.52,,,,,,,,,,,,
,,,,2395.000,0,0.06,-1.52,,,,,,,,,,,,
,,,,2400.000,1,0.06,-0.52,,,,,,,,,,,,
,,,,2405.000,1,0.06,-0.52,,,,,,,,,,,,
,,,,2410.000,3,0.06,1.48,,,,,,,,,,,,
,,,,2415.000,1,0.06,-0.52,,,,,,,,,,,,
,,,,2420.000,1,0.06,-0.52,,,,,,,,,,,,
,,,,2425.000,1,0.06,-0.52,,,,,,,,,,,,
,,,,2430.000,2,0.06,0.48,,,,,,,,,,,,
,,,,2435.000,1,0.06,-0.52,,,,,,,,,,,,
,,,,2440.000,0,0.06,-1.52,,,,,,,,,,,,
,,,,2445.000,3,0.06,1.48,,,,,,,,,,,,
,,,,2450.000,0,0.06,-1.52,,,,,,,,,,,,
,,,,2455.000,2,0.06,0.48,,,,,,,,,,,,
,,,,2460.000,0,0.06,-1.52,,,,,,,,,,,,
,,,,2465.000,1,0.06,-0.52,,,,,,,,,,,,
,,,,2470.000,3,0.06,1.48,,,,,,,,,,,,
,,,,2475.000,2,0.06,0.48,,,,,,,,,,,,
,,,,2480.000,2,0.06,0.48,,,,,,,,,,,,
,,,,2485.000,2,0.06,0.48,,,,,,,,,,,,
,,,,2490.000,1,0.06,-0.52,,,,,,,,,,,,
,,,,2495.000,3,0.06,1.48,,,,,,,,,,,,
,,,,2500.000,2,0.06,0.48,,,,,,,,,,,,
,,,,2505.000,2,0.06,0.48,,,,,,,,,,,,
,,,,2510.000,1,0.06,-0.52,,,,,,,,,,,,
,,,,2515.000,3,0.06,1.48,,,,,,,,,,,,
,,,,2520.000,1,0.06,-0.52,,,,,,,,,,,,
,,,,2525.000,0,0.06,-1.52,,,,,,,,,,,,
,,,,2530.000,2,0.06,0.48,,,,,,,,,,,,
,,,,2535.000,1,0.06,-0.52,,,,,,,,,,,,
,,,,2540.000,2,0.06,0.48,,,,,,,,,,,,
,,,,2545.000,1,0.06,-0.52,,,,,,,,,,,,
,,,,2550.000,2,0.06,0.48,,,,,,,,,,,,
,,,,2555.000,1,0.06,-0.52,,,,,,,,,,,,
,,,,2560.000,2,0.06,0.48,,,,,,,,,,,,
,,,,2565.000,2,0.06,0.48,,,,,,,,,,,,
,,,,2570.000,1,0.06,-0.52,,,,,,,,,,,,
,,,,2575.000,4,0.06,2.48,,,,,,,,,,,,
,,,,2580.000,2,0.06,0.48,,,,,,,,,,,,
,,,,2585.000,1,0.06,-0.52,,,,,,,,,,,,
,,,,2590.000,2,0.06,0.48,,,,,,,,,,,,
,,,,2595.000,0,0.06,-1.52,,,,,,,,,,,,
,,,,2600.000,2,0.06,0.48,,,,,,,,,,,,
,,,,2605.000,5,0.06,3.48,,,,,,,,,,,,
,,,,2610.000,2,0.06,0.48,,,,,,,,,,,,
,,,,2615.000,2,0.06,0.48,,,,,,,,,,,,
,,,,2620.000,1,0.06,-0.52,,,,,,,,,,,,
,,,,2625.000,3,0.06,1.48,,,,,,,,,,,,
,,,,2630.000,0,0.06,-1.52,,,,,,,,,,,,
,,,,2635.000,3,0.06,1.48,,,,,,,,,,,,
,,,,2640.000,1,0.06,-0.52,,,,,,,,,,,,
,,,,2645.000,3,0.06,1.48,,,,,,,,,,,,
,,,,2650.000,2,0.06,0.48,,,,,,,,,,,,
,,,,2655.000,2,0.06,0.48,,,,,,,,,,,,
,,,,2660.000,1,0.06,-0.52,,,,,,,,,,,,
,,,,2665.000,2,0.06,0.48,,,,,,,,,,,,
,,,,2670.000,1,0.06,-0.52,,,,,,,,,,,,
,,,,2675.000,2,0.06,0.48,,,,,,,,,,,,
,,,,2680.000,2,0.06,0.48,,,,,,,,,,,,
,,,,2685.000,1,0.06,-0.52,,,,,,,,,,,,
,,,,2690.000,2,0.06,0.48,,,,,,,,,,,,
,,,,2695.000,1,0.06,-0.52,,,,,,,,,,,,
,,,,2700.000,1,0.06,-0.52,,,,,,,,,,,,
,,,,2705.000,2,0.06,0.48,,,,,,,,,,,,
,,,,2710.000,4,0.06,2.48,,,,,,,,,,,,
,,,,2715.000,1,0.06,-0.52,,,,,,,,,,,,
,,,,2720.000,3,0.06,1.48,,,,,,,,,,,,
,,,,2725.000,2,0.06,0.48,,,,,,,,,,,,
,,,,2730.000,0,0.06,-1.52,,,,,,,,,,,,
,,,,2735.000,1,0.06,-0.52,,,,,,,,,,,,
,,,,2740.000,6,0.06,4.48,,,,,,,,,,,,
,,,,2745.000,3,0.06,1.48,,,,,,,,,,,,
,,,,2750.000,1,0.06,-0.52,,,,,,,,,,,,
,,,,2755.000,1,0.06,-0.52,,,,,,,,,,,,
,,,,2760.000,1,0.06,-0.52,,,,,,,,,,,,
,,,,2765.000,2,0.06,0.48,,,,,,,,,,,,
,,,,2770.000,2,0.06,0.48,,,,,,,,,,,,
,,,,2775.000,1,0.06,-0.52,,,,,,,,,,,,
,,,,2780.000,1,0.06,-0.52,,,,,,,,,,,,
,,,,2785.000,1,0.06,-0.52,,,,,,,,,,,,
,,,,2790.000,5,0.06,3.48,,,,,,,,,,,,
,,,,2795.000,3,0.06,1.48,,,,,,,,,,,,
,,,,2800.000,4,0.06,2.48,,,,,,,,,,,,
,,,,2805.000,1,0.06,-0.52,,,,,,,,,,,,
,,,,2810.000,2,0.06,0.48,,,,,,,,,,,,
,,,,2815.000,0,0.06,-1.52,,,,,,,,,,,,
,,,,2820.000,1,0.06,-0.52,,,,,,,,,,,,
,,,,2825.000,2,0.06,0.48,,,,,,,,,,,,
,,,,2830.000,2,0.06,0.48,,,,,,,,,,,,
,,,,2835.000,0,0.06,-1.52,,,,,,,,,,,,
,,,,2840.000,0,0.06,-1.52,,,,,,,,,,,,
,,,,2845.000,0,0.06,-1.52,,,,,,,,,,,,
,,,,2850.000,0,0.06,-1.52,,,,,,,,,,,,
,,,,2855.000,1,0.06,-0.52,,,,,,,,,,,,
,,,,2860.000,1,0.06,-0.52,,,,,,,,,,,,
,,,,2865.000,1,0.06,-0.52,,,,,,,,,,,,
,,,,2870.000,2,0.06,0.48,,,,,,,,,,,,
,,,,2875.000,4,0.06,2.48,,,,,,,,,,,,
,,,,2880.000,2,0.06,0.48,,,,,,,,,,,,
,,,,2885.000,1,0.06,-0.52,,,,,,,,,,,,
,,,,2890.000,0,0.06,-1.52,,,,,,,,,,,,
,,,,2895.000,2,0.06,0.48,,,,,,,,,,,,
,,,,2900.000,2,0.06,0.48,,,,,,,,,,,,
,,,,2905.000,1,0.06,-0.52,,,,,,,,,,,,
,,,,2910.000,3,0.06,1.48,,,,,,,,,,,,
,,,,2915.000,1,0.06,-0.52,,,,,,,,,,,,
,,,,2920.000,1,0.06,-0.52,,,,,,,,,,,,
,,,,2925.000,4,0.06,2.48,,,,,,,,,,,,
,,,,2930.000,0,0.06,-1.52,,,,,,,,,,,,
,,,,2935.000,2,0.05,0.48,,,,,,,,,,,,
,,,,2940.000,5,0.06,3.48,,,,,,,,,,,,
,,,,2945.000,1,0.05,-0.52,,,,,,,,,,,,
,,,,2950.000,0,0.05,-1.52,,,,,,,,,,,,
,,,,2955.000,3,0.05,1.48,,,,,,,,,,,,
,,,,2960.000,5,0.05,3.48,,,,,,,,,,,,
,,,,2965.000,0,0.05,-1.52,,,,,,,,,,,,
,,,,2970.000,0,0.05,-1.52,,,,,,,,,,,,
,,,,2975.000,1,0.05,-0.52,,,,,,,,,,,,
,,,,2980.000,3,0.05,1.48,,,,,,,,,,,,
,,,,2985.000,1,0.05,-0.52,,,,,,,,,,,,
,,,,2990.000,1,0.05,-0.52,,,,,,,,,,,,
,,,,2995.000,2,0.05,0.48,,,,,,,,,,,,
,,,,3000.000,1,0.05,-0.52,,,,,,,,,,,,
,,,,3005.000,4,0.05,2.48,,,,,,,,,,,,
,,,,3010.000,4,0.05,2.48,,,,,,,,,,,,
,,,,3015.000,1,0.05,-0.52,,,,,,,,,,,,
,,,,3020.000,1,0.05,-0.52,,,,,,,,,,,,
,,,,3025.000,2,0.05,0.48,,,,,,,,,,,,
,,,,3030.000,1,0.05,-0.52,,,,,,,,,,,,
,,,,3035.000,4,0.05,2.48,,,,,,,,,,,,
,,,,3040.000,0,0.05,-1.52,,,,,,,,,,,,
,,,,3045.000,5,0.05,3.48,,,,,,,,,,,,
,,,,3050.000,2,0.05,0.48,,,,,,,,,,,,
,,,,3055.000,2,0.05,0.48,,,,,,,,,,,,
,,,,3060.000,3,0.05,1.48,,,,,,,,,,,,
,,,,3065.000,3,0.05,1.48,,,,,,,,,,,,
,,,,3070.000,2,0.05,0.48,,,,,,,,,,,,
,,,,3075.000,2,0.05,0.48,,,,,,,,,,,,
,,,,3080.000,0,0.05,-1.52,,,,,,,,,,,,
,,,,3085.000,1,0.05,-0.52,,,,,,,,,,,,
,,,,3090.000,4,0.05,2.48,,,,,,,,,,,,
,,,,3095.000,1,0.05,-0.52,,,,,,,,,,,,
,,,,3100.000,4,0.05,2.48,,,,,,,,,,,,
,,,,3105.000,1,0.05,-0.52,,,,,,,,,,,,
,,,,3110.000,1,0.05,-0.52,,,,,,,,,,,,
,,,,3115.000,2,0.05,0.48,,,,,,,,,,,,
,,,,3120.000,1,0.05,-0.52,,,,,,,,,,,,
,,,,3125.000,1,0.05,-0.52,,,,,,,,,,,,
,,,,3130.000,2,0.05,0.48,,,,,,,,,,,,
,,,,3135.000,0,0.05,-1.52,,,,,,,,,,,,
,,,,3140.000,0,0.05,-1.52,,,,,,,,,,,,
,,,,3145.000,1,0.05,-0.52,,,,,,,,,,,,
,,,,3150.000,2,0.05,0.48,,,,,,,,,,,,
,,,,3155.000,1,0.05,-0.52,,,,,,,,,,,,
,,,,3160.000,3,0.05,1.48,,,,,,,,,,,,
,,,,3165.000,2,0.05,0.48,,,,,,,,,,,,
,,,,3170.000,2,0.05,0.48,,,,,,,,,,,,
,,,,3175.000,1,0.05,-0.52,,,,,,,,,,,,
,,,,3180.000,1,0.05,-0.52,,,,,,,,,,,,
,,,,3185.000,6,0.05,4.48,,,,,,,,,,,,
,,,,3190.000,1,0.05,-0.52,,,,,,,,,,,,
,,,,3195.000,2,0.05,0.48,,,,,,,,,,,,
,,,,3200.000,1,0.05,-0.52,,,,,,,,,,,,
,,,,3205.000,0,0.05,-1.52,,,,,,,,,,,,
,,,,3210.000,1,0.05,-0.52,,,,,,,,,,,,
,,,,3215.000,2,0.05,0.48,,,,,,,,,,,,
,,,,3220.000,4,0.05,2.48,,,,,,,,,,,,
,,,,3225.000,2,0.05,0.48,,,,,,,,,,,,
,,,,3230.000,1,0.05,-0.52,,,,,,,,,,,,
,,,,3235.000,2,0.05,0.48,,,,,,,,,,,,
,,,,3240.000,2,0.05,0.48,,,,,,,,,,,,
,,,,3245.000,3,0.05,1.48,,,,,,,,,,,,
,,,,3250.000,2,0.05,0.48,,,,,,,,,,,,
,,,,3255.000,0,0.05,-1.52,,,,,,,,,,,,
,,,,3260.000,0,0.05,-1.52,,,,,,,,,,,,
,,,,3265.000,1,0.05,-0.52,,,,,,,,,,,,
,,,,3270.000,3,0.05,1.48,,,,,,,,,,,,
,,,,3275.000,1,0.05,-0.52,,,,,,,,,,,,
,,,,3280.000,3,0.05,1.48,,,,,,,,,,,,
,,,,3285.000,0,0.05,-1.52,,,,,,,,,,,,
,,,,3290.000,0,0.05,-1.52,,,,,,,,,,,,
,,,,3295.000,3,0.05,1.48,,,,,,,,,,,,
,,,,3300.000,1,0.05,-0.52,,,,,,,,,,,,
,,,,3305.000,3,0.05,1.48,,,,,,,,,,,,
,,,,3310.000,3,0.05,1.48,,,,,,,,,,,,
,,,,3315.000,1,0.05,-0.52,,,,,,,,,,,,
,,,,3320.000,2,0.05,0.48,,,,,,,,,,,,
,,,,3325.000,1,0.05,-0.52,,,,,,,,,,,,
,,,,3330.000,1,0.05,-0.52,,,,,,,,,,,,
,,,,3335.000,4,0.05,2.48,,,,,,,,,,,,
,,,,3340.000,2,0.05,0.48,,,,,,,,,,,,
,,,,3345.000,2,0.05,0.48,,,,,,,,,,,,
,,,,3350.000,2,0.05,0.48,,,,,,,,,,,,
,,,,3355.000,2,0.05,0.48,,,,,,,,,,,,
,,,,3360.000,8,0.05,6.48,,,,,,,,,,,,
,,,,3365.000,4,0.05,2.48,,,,,,,,,,,,
,,,,3370.000,1,0.05,-0.52,,,,,,,,,,,,
,,,,3375.000,1,0.05,-0.52,,,,,,,,,,,,
,,,,3380.000,3,0.05,1.48,,,,,,,,,,,,
,,,,3385.000,3,0.05,1.48,,,,,,,,,,,,
,,,,3390.000,0,0.05,-1.52,,,,,,,,,,,,
,,,,3395.000,0,0.05,-1.52,,,,,,,,,,,,
,,,,3400.000,4,0.05,2.48,,,,,,,,,,,,
,,,,3405.000,2,0.05,0.48,,,,,,,,,,,,
,,,,3410.000,3,0.05,1.48,,,,,,,,,,,,
,,,,3415.000,2,0.05,0.48,,,,,,,,,,,,
,,,,3420.000,1,0.05,-0.52,,,,,,,,,,,,
,,,,3425.000,3,0.05,1.48,,,,,,,,,,,,
,,,,3430.000,1,0.05,-0.52,,,,,,,,,,,,
